framework_name,framework_version,framework_description,requirement_code,requirement_description,requirement_type
ISO/IEC 27001,2022,Systèmes de gestion de la sécurité de l'information,A.5.1,Politiques de sécurité de l'information,Exigence de contrôle
ISO/IEC 27001,2022,Systèmes de gestion de la sécurité de l'information,A.5.2,Révision des politiques de sécurité de l'information,Exigence de contrôle
ISO/IEC 27001,2022,Systèmes de gestion de la sécurité de l'information,A.5.3,Rôles et responsabilités en matière de sécurité de l'information,Exigence de contrôle
ISO/IEC 27001,2022,Systèmes de gestion de la sécurité de l'information,A.5.4,Ségrégation des tâches,Exigence de contrôle
ISO/IEC 27001,2022,Systèmes de gestion de la sécurité de l'information,A.5.5,Contact avec les autorités,Exigence de contrôle
ISO/IEC 27001,2022,Systèmes de gestion de la sécurité de l'information,A.5.6,Contact avec des groupes spécialisés,Exigence de contrôle
ISO/IEC 27001,2022,Systèmes de gestion de la sécurité de l'information,A.5.7,Menaces liées aux technologies de l'information,Exigence de contrôle
ISO/IEC 27001,2022,Systèmes de gestion de la sécurité de l'information,A.5.8,Sécurité dans la gestion de projets,Exigence de contrôle
ISO/IEC 27001,2022,Systèmes de gestion de la sécurité de l'information,A.5.9,Inventaire des actifs d'information,Exigence de contrôle
ISO/IEC 27001,2022,Systèmes de gestion de la sécurité de l'information,A.5.10,Acceptation de l'utilisation des actifs,Exigence de contrôle
ISO/IEC 27001,2022,Systèmes de gestion de la sécurité de l'information,A.5.11,Classification de l'information,Exigence de contrôle
ISO/IEC 27001,2022,Systèmes de gestion de la sécurité de l'information,A.5.12,Étiquetage de l'information,Exigence de contrôle
ISO/IEC 27001,2022,Systèmes de gestion de la sécurité de l'information,A.5.13,Transfert de l'information,Exigence de contrôle
ISO/IEC 27001,2022,Systèmes de gestion de la sécurité de l'information,A.5.14,Enregistrement des activités,Exigence de contrôle
ISO/IEC 27001,2022,Systèmes de gestion de la sécurité de l'information,A.5.15,Contrôle d'accès,Exigence de contrôle
ISO/IEC 27001,2022,Systèmes de gestion de la sécurité de l'information,A.5.16,Utilisation des identifiants secrets,Exigence de contrôle
ISO/IEC 27001,2022,Systèmes de gestion de la sécurité de l'information,A.5.17,Authentification de l'utilisateur,Exigence de contrôle
ISO/IEC 27001,2022,Systèmes de gestion de la sécurité de l'information,A.5.18,Accès aux informations et à l'information source,Exigence de contrôle
ISO/IEC 27001,2022,Systèmes de gestion de la sécurité de l'information,A.5.19,Sécurité des équipements,Exigence de contrôle
ISO/IEC 27001,2022,Systèmes de gestion de la sécurité de l'information,A.5.20,Sécurité dans les environnements de travail,Exigence de contrôle
ISO/IEC 27001,2022,Systèmes de gestion de la sécurité de l'information,A.5.21,Contrôles de logiciels malveillants,Exigence de contrôle
ISO/IEC 27001,2022,Systèmes de gestion de la sécurité de l'information,A.5.22,Sauvegarde de l'information,Exigence de contrôle
ISO/IEC 27001,2022,Systèmes de gestion de la sécurité de l'information,A.5.23,Journalisation et surveillance,Exigence de contrôle
ISO/IEC 27001,2022,Systèmes de gestion de la sécurité de l'information,A.5.24,Synchronisation de l'horloge système,Exigence de contrôle
ISO/IEC 27001,2022,Systèmes de gestion de la sécurité de l'information,A.5.25,Sécurité des réseaux,Exigence de contrôle
ISO/IEC 27001,2022,Systèmes de gestion de la sécurité de l'information,A.5.26,Utilisation sécurisée des services en ligne,Exigence de contrôle
ISO/IEC 27001,2022,Systèmes de gestion de la sécurité de l'information,A.5.27,Filtrage de contenu Web,Exigence de contrôle
ISO/IEC 27001,2022,Systèmes de gestion de la sécurité de l'information,A.5.28,Sécurité dans les processus opérationnels,Exigence de contrôle
ISO/IEC 27001,2022,Systèmes de gestion de la sécurité de l'information,A.5.29,Gestion des vulnérabilités techniques,Exigence de contrôle
ISO/IEC 27001,2022,Systèmes de gestion de la sécurité de l'information,A.5.30,Protection des informations dans les services cloud,Exigence de contrôle
GDPR,2016,Règlement Général sur la Protection des Données de l'UE,Art.5,Principes relatifs au traitement des données (licéité, finalité, minimisation),PREVENTIVE
GDPR,2016,Règlement Général sur la Protection des Données de l'UE,Art.6,Licéité du traitement - Base légale requise pour tout traitement,PREVENTIVE
GDPR,2016,Règlement Général sur la Protection des Données de l'UE,Art.7,Conditions applicables au consentement - Démontrable et révocable,PREVENTIVE
GDPR,2016,Règlement Général sur la Protection des Données de l'UE,Art.12,Transparence des informations - Informations claires et accessibles,PREVENTIVE
GDPR,2016,Règlement Général sur la Protection des Données de l'UE,Art.15,Droit d'accès - Accès aux données personnelles par la personne concernée,CORRECTIVE
GDPR,2016,Règlement Général sur la Protection des Données de l'UE,Art.16,Droit de rectification - Correction des données inexactes,CORRECTIVE
GDPR,2016,Règlement Général sur la Protection des Données de l'UE,Art.17,Droit à l'effacement - Suppression des données dans certaines circonstances,CORRECTIVE
GDPR,2016,Règlement Général sur la Protection des Données de l'UE,Art.32,Sécurité du traitement - Mesures techniques et organisationnelles appropriées,PREVENTIVE
GDPR,2016,Règlement Général sur la Protection des Données de l'UE,Art.33,Notification de violation - Notification à l'autorité de contrôle,DETECTIVE
GDPR,2016,Règlement Général sur la Protection des Données de l'UE,Art.35,Analyse d'impact - Pour les traitements à haut risque,DETECTIVE
NIST SP 800-53,Rev. 5,Contrôles de sécurité et de confidentialité pour les systèmes d'information fédéraux,AC-1,Politique et procédures de contrôle d'accès,PREVENTIVE
NIST SP 800-53,Rev. 5,Contrôles de sécurité et de confidentialité pour les systèmes d'information fédéraux,AC-2,Gestion des comptes,PREVENTIVE
NIST SP 800-53,Rev. 5,Contrôles de sécurité et de confidentialité pour les systèmes d'information fédéraux,AC-3,Application du contrôle d'accès,PREVENTIVE
NIST SP 800-53,Rev. 5,Contrôles de sécurité et de confidentialité pour les systèmes d'information fédéraux,AU-2,Événements auditables,DETECTIVE
NIST SP 800-53,Rev. 5,Contrôles de sécurité et de confidentialité pour les systèmes d'information fédéraux,AU-6,Examen, analyse et reporting d'audit,DETECTIVE
NIST SP 800-53,Rev. 5,Contrôles de sécurité et de confidentialité pour les systèmes d'information fédéraux,CM-3,Contrôle des changements de configuration,PREVENTIVE
NIST SP 800-53,Rev. 5,Contrôles de sécurité et de confidentialité pour les systèmes d'information fédéraux,CP-2,Plan de contingence,CORRECTIVE
NIST SP 800-53,Rev. 5,Contrôles de sécurité et de confidentialité pour les systèmes d'information fédéraux,IR-4,Gestion des incidents,CORRECTIVE
SOC 2,2017,Contrôles pour la sécurité, la disponibilité, l'intégrité, la confidentialité et la protection de la vie privée,CC1.1,Engagement envers l'intégrité et les valeurs éthiques,PREVENTIVE
SOC 2,2017,Contrôles pour la sécurité, la disponibilité, l'intégrité, la confidentialité et la protection de la vie privée,CC1.2,Responsabilité de surveillance du conseil d'administration,PREVENTIVE
SOC 2,2017,Contrôles pour la sécurité, la disponibilité, l'intégrité, la confidentialité et la protection de la vie privée,CC3.1,Spécification d'objectifs de qualité de l'information,PREVENTIVE
SOC 2,2017,Contrôles pour la sécurité, la disponibilité, l'intégrité, la confidentialité et la protection de la vie privée,CC4.1,Identification et évaluation des risques,DETECTIVE
SOC 2,2017,Contrôles pour la sécurité, la disponibilité, l'intégrité, la confidentialité et la protection de la vie privée,CC5.1,Politiques de sécurité logique,PREVENTIVE
SOC 2,2017,Contrôles pour la sécurité, la disponibilité, l'intégrité, la confidentialité et la protection de la vie privée,CC6.1,Activités de contrôle d'accès logique,PREVENTIVE
SOC 2,2017,Contrôles pour la sécurité, la disponibilité, l'intégrité, la confidentialité et la protection de la vie privée,CC7.1,Activités de surveillance continue,DETECTIVE
SOC 2,2017,Contrôles pour la sécurité, la disponibilité, l'intégrité, la confidentialité et la protection de la vie privée,CC8.1,Évaluation des risques liés aux changements,DETECTIVE 